{
  "position_idx": 107,
  "chunk_text": "So, 565.48667 + 9.424777 \u2248 574.91145",
  "function_tags": [
    "active_computation"
  ],
  "ci_kl": 0.0,
  "ci_accuracy": 0.0,
  "steer_range": [
    2810,
    2843
  ]
}