{
  "position_idx": 10,
  "chunk_text": "3(1 + 3(1 + 3(1 + 3(1 + 3(1 + 3(1 + 3(1 + 3(1 + 3(1 + 3)))))))))",
  "function_tags": [
    "plan_generation"
  ],
  "ci_kl": 0.30800158734299754,
  "ci_accuracy": 0.08843537414965985,
  "steer_range": [
    269,
    318
  ]
}