{
  "position_idx": 56,
  "chunk_text": "Therefore, the number of integers is 3183 - 319 + 1 = 2865.",
  "function_tags": [
    "active_computation"
  ],
  "ci_kl": 0.06973315707256761,
  "ci_accuracy": -0.13737373737373737,
  "steer_range": [
    1262,
    1288
  ]
}