{
  "position_idx": 83,
  "chunk_text": "n = 3183: x = 1/(3183\u03c0).",
  "function_tags": [
    "active_computation"
  ],
  "ci_kl": 0.20425807124025847,
  "ci_accuracy": -0.025142015569114218,
  "steer_range": [
    1949,
    1967
  ]
}