{
  "position_idx": 52,
  "chunk_text": "n < 1/(0.0001\u03c0) \u2248 3183.098",
  "function_tags": [
    "active_computation"
  ],
  "ci_kl": 0.005983186631541678,
  "ci_accuracy": 0.05303030303030298,
  "steer_range": [
    1154,
    1177
  ]
}