{
  "position_idx": 23,
  "chunk_text": "1/(n\u03c0) < 0.001",
  "function_tags": [
    "active_computation"
  ],
  "ci_kl": 0.12991212402399388,
  "ci_accuracy": 0.16161616161616166,
  "steer_range": [
    544,
    556
  ]
}