{
  "position_idx": 66,
  "chunk_text": "Count is 3.",
  "function_tags": [
    "result_consolidation"
  ],
  "ci_kl": 0.0002674098718579137,
  "ci_accuracy": 0.021489361702127674,
  "steer_range": [
    1420,
    1424
  ]
}