{
  "position_idx": 84,
  "chunk_text": "Let's compute 3183 * \u03c0 \u2248 3183 * 3.1416 \u2248 3183 * 3 = 9549, 3183 * 0.1416 \u2248 3183 * 0.1 = 318.3, 3183 * 0.04 = 127.32, 3183 * 0.0016 \u2248 5.0928.",
  "function_tags": [
    "active_computation"
  ],
  "ci_kl": 0.07982900163317984,
  "ci_accuracy": 0.03896103896103886,
  "steer_range": [
    1968,
    2085
  ]
}